name,ERR3472641_UHGG.species_100bracken,ERR3472642_UHGG.species_100bracken,ERR3472643_UHGG.species_100bracken,ERR3472644_UHGG.species_100bracken,ERR3472645_UHGG.species_100bracken,ERR3472646_UHGG.species_100bracken,ERR3472647_UHGG.species_100bracken,ERR3472648_UHGG.species_100bracken,ERR3472649_UHGG.species_100bracken,ERR3472650_UHGG.species_100bracken,ERR3472651_UHGG.species_100bracken,ERR3472652_UHGG.species_100bracken,ERR3472653_UHGG.species_100bracken,ERR3472654_UHGG.species_100bracken,ERR3472655_UHGG.species_100bracken,ERR3472656_UHGG.species_100bracken,ERR3472657_UHGG.species_100bracken,ERR3472658_UHGG.species_100bracken,ERR3472659_UHGG.species_100bracken,ERR3472660_UHGG.species_100bracken,ERR3472661_UHGG.species_100bracken,ERR3472662_UHGG.species_100bracken,ERR3472663_UHGG.species_100bracken,ERR3472664_UHGG.species_100bracken,ERR3472665_UHGG.species_100bracken,ERR3472666_UHGG.species_100bracken,ERR3472667_UHGG.species_100bracken,ERR3472668_UHGG.species_100bracken,ERR3472669_UHGG.species_100bracken,ERR3472670_UHGG.species_100bracken,ERR3472671_UHGG.species_100bracken,ERR3472672_UHGG.species_100bracken,ERR3472673_UHGG.species_100bracken,ERR3472674_UHGG.species_100bracken,ERR3472675_UHGG.species_100bracken,ERR3472676_UHGG.species_100bracken,ERR3472677_UHGG.species_100bracken,ERR3472678_UHGG.species_100bracken,ERR3472679_UHGG.species_100bracken,ERR3472680_UHGG.species_100bracken,ERR3472681_UHGG.species_100bracken,ERR3472682_UHGG.species_100bracken,ERR3472683_UHGG.species_100bracken,ERR3472684_UHGG.species_100bracken,ERR3472685_UHGG.species_100bracken,ERR3472686_UHGG.species_100bracken,ERR3472687_UHGG.species_100bracken,ERR3472688_UHGG.species_100bracken,ERR3472689_UHGG.species_100bracken,ERR3472690_UHGG.species_100bracken,ERR3472691_UHGG.species_100bracken,ERR3472692_UHGG.species_100bracken,ERR3472693_UHGG.species_100bracken,ERR3472694_UHGG.species_100bracken,ERR3472695_UHGG.species_100bracken,ERR3472696_UHGG.species_100bracken,ERR3472697_UHGG.species_100bracken,ERR3472698_UHGG.species_100bracken,ERR3472699_UHGG.species_100bracken,ERR3472700_UHGG.species_100bracken,ERR3472701_UHGG.species_100bracken,ERR3472702_UHGG.species_100bracken,ERR3472703_UHGG.species_100bracken,ERR3472704_UHGG.species_100bracken,ERR3472705_UHGG.species_100bracken,ERR3472706_UHGG.species_100bracken,ERR3472707_UHGG.species_100bracken,ERR3472708_UHGG.species_100bracken,ERR3472709_UHGG.species_100bracken,ERR3472710_UHGG.species_100bracken,ERR3472711_UHGG.species_100bracken,ERR3472712_UHGG.species_100bracken,ERR3472713_UHGG.species_100bracken,ERR3472714_UHGG.species_100bracken,ERR3472715_UHGG.species_100bracken,ERR3472716_UHGG.species_100bracken,ERR3472717_UHGG.species_100bracken,ERR3472718_UHGG.species_100bracken,ERR3472719_UHGG.species_100bracken,ERR3472720_UHGG.species_100bracken,ERR3472721_UHGG.species_100bracken,ERR3472722_UHGG.species_100bracken,ERR3472723_UHGG.species_100bracken,ERR3472724_UHGG.species_100bracken,ERR3472725_UHGG.species_100bracken,ERR3472726_UHGG.species_100bracken,ERR3472727_UHGG.species_100bracken,ERR3472728_UHGG.species_100bracken,ERR3472729_UHGG.species_100bracken,ERR3472730_UHGG.species_100bracken,ERR3472731_UHGG.species_100bracken,ERR3472732_UHGG.species_100bracken,ERR3472733_UHGG.species_100bracken,ERR3472734_UHGG.species_100bracken,ERR3472735_UHGG.species_100bracken,ERR3472736_UHGG.species_100bracken,ERR3472737_UHGG.species_100bracken,ERR3472738_UHGG.species_100bracken,ERR3472739_UHGG.species_100bracken,ERR3472740_UHGG.species_100bracken,ERR3472741_UHGG.species_100bracken,ERR3472742_UHGG.species_100bracken,ERR3472743_UHGG.species_100bracken,ERR3472744_UHGG.species_100bracken,ERR3472745_UHGG.species_100bracken,ERR3472746_UHGG.species_100bracken,ERR3472747_UHGG.species_100bracken,ERR3472748_UHGG.species_100bracken,ERR3472749_UHGG.species_100bracken,ERR3472750_UHGG.species_100bracken,ERR3472751_UHGG.species_100bracken,ERR3472752_UHGG.species_100bracken,ERR3472753_UHGG.species_100bracken,ERR3472754_UHGG.species_100bracken,ERR3472755_UHGG.species_100bracken,ERR3472756_UHGG.species_100bracken,ERR3472757_UHGG.species_100bracken,ERR3472758_UHGG.species_100bracken,ERR3472759_UHGG.species_100bracken,ERR3472760_UHGG.species_100bracken,ERR3472761_UHGG.species_100bracken,ERR3472762_UHGG.species_100bracken,ERR3472763_UHGG.species_100bracken,ERR3472764_UHGG.species_100bracken,ERR3472765_UHGG.species_100bracken,ERR3472766_UHGG.species_100bracken,ERR3472767_UHGG.species_100bracken,ERR3472768_UHGG.species_100bracken,ERR3472769_UHGG.species_100bracken,ERR3472770_UHGG.species_100bracken,ERR3472771_UHGG.species_100bracken,ERR3472772_UHGG.species_100bracken,ERR3473455_UHGG.species_100bracken,ERR3473456_UHGG.species_100bracken,ERR3473457_UHGG.species_100bracken,ERR3473458_UHGG.species_100bracken,ERR3473459_UHGG.species_100bracken,ERR3473460_UHGG.species_100bracken,ERR3473461_UHGG.species_100bracken,ERR3473462_UHGG.species_100bracken,ERR3473463_UHGG.species_100bracken,ERR3473464_UHGG.species_100bracken,ERR3473465_UHGG.species_100bracken,ERR3473466_UHGG.species_100bracken,ERR3473467_UHGG.species_100bracken,ERR3473468_UHGG.species_100bracken,ERR3473469_UHGG.species_100bracken,ERR3473470_UHGG.species_100bracken,ERR3473471_UHGG.species_100bracken,ERR3473472_UHGG.species_100bracken,ERR3473473_UHGG.species_100bracken,ERR3473474_UHGG.species_100bracken,ERR3473475_UHGG.species_100bracken,ERR3473476_UHGG.species_100bracken,ERR3473477_UHGG.species_100bracken,ERR3473478_UHGG.species_100bracken,ERR3473479_UHGG.species_100bracken,ERR3473480_UHGG.species_100bracken,ERR3473481_UHGG.species_100bracken,ERR3473482_UHGG.species_100bracken,ERR3473483_UHGG.species_100bracken,ERR3473484_UHGG.species_100bracken,ERR3473485_UHGG.species_100bracken,ERR3473486_UHGG.species_100bracken,ERR3473487_UHGG.species_100bracken,ERR3473488_UHGG.species_100bracken,ERR3473489_UHGG.species_100bracken,ERR3473490_UHGG.species_100bracken,ERR3473491_UHGG.species_100bracken,ERR3473492_UHGG.species_100bracken,ERR3473493_UHGG.species_100bracken,ERR3473494_UHGG.species_100bracken,ERR3473495_UHGG.species_100bracken,ERR3473496_UHGG.species_100bracken,ERR3473497_UHGG.species_100bracken,ERR3473498_UHGG.species_100bracken,ERR3473499_UHGG.species_100bracken,ERR3473500_UHGG.species_100bracken,ERR3473501_UHGG.species_100bracken,ERR3473502_UHGG.species_100bracken,ERR3473503_UHGG.species_100bracken,ERR3473504_UHGG.species_100bracken,ERR3473505_UHGG.species_100bracken,ERR3473506_UHGG.species_100bracken,ERR3473507_UHGG.species_100bracken,ERR3473508_UHGG.species_100bracken,ERR3473509_UHGG.species_100bracken,ERR3473510_UHGG.species_100bracken,ERR3473511_UHGG.species_100bracken,ERR3473512_UHGG.species_100bracken,ERR3473513_UHGG.species_100bracken,ERR3473514_UHGG.species_100bracken,ERR3473515_UHGG.species_100bracken,ERR3473516_UHGG.species_100bracken,ERR3473517_UHGG.species_100bracken,ERR3473518_UHGG.species_100bracken,ERR3473519_UHGG.species_100bracken,ERR3473520_UHGG.species_100bracken,ERR3473521_UHGG.species_100bracken,ERR3473522_UHGG.species_100bracken,ERR3473523_UHGG.species_100bracken,ERR3473524_UHGG.species_100bracken,ERR3473525_UHGG.species_100bracken,ERR3473526_UHGG.species_100bracken,ERR3473527_UHGG.species_100bracken,ERR3473528_UHGG.species_100bracken,ERR3473529_UHGG.species_100bracken,ERR3473530_UHGG.species_100bracken,ERR3473532_UHGG.species_100bracken,ERR3473533_UHGG.species_100bracken,ERR3473534_UHGG.species_100bracken,ERR3473535_UHGG.species_100bracken,ERR3473536_UHGG.species_100bracken,ERR3473537_UHGG.species_100bracken,ERR3473538_UHGG.species_100bracken,ERR3473539_UHGG.species_100bracken,ERR3473540_UHGG.species_100bracken,ERR3473541_UHGG.species_100bracken,ERR3473542_UHGG.species_100bracken,ERR3473543_UHGG.species_100bracken,ERR3473544_UHGG.species_100bracken,ERR3473545_UHGG.species_100bracken,ERR3473546_UHGG.species_100bracken,ERR3473547_UHGG.species_100bracken,ERR3473548_UHGG.species_100bracken,ERR3473549_UHGG.species_100bracken,ERR3473550_UHGG.species_100bracken,ERR3473551_UHGG.species_100bracken,ERR3473552_UHGG.species_100bracken,ERR3473553_UHGG.species_100bracken,ERR3473554_UHGG.species_100bracken,ERR3473555_UHGG.species_100bracken,ERR3473556_UHGG.species_100bracken,ERR3473557_UHGG.species_100bracken,ERR3473558_UHGG.species_100bracken,ERR3473559_UHGG.species_100bracken,ERR3473560_UHGG.species_100bracken,ERR3473561_UHGG.species_100bracken,ERR3473562_UHGG.species_100bracken,ERR3473563_UHGG.species_100bracken,ERR3473564_UHGG.species_100bracken,ERR3473565_UHGG.species_100bracken,ERR3473566_UHGG.species_100bracken,ERR3473567_UHGG.species_100bracken,ERR3473568_UHGG.species_100bracken,ERR3473569_UHGG.species_100bracken,ERR3473570_UHGG.species_100bracken,ERR3473571_UHGG.species_100bracken,ERR3473572_UHGG.species_100bracken,ERR3473573_UHGG.species_100bracken,ERR3473574_UHGG.species_100bracken,ERR3473575_UHGG.species_100bracken,ERR3473576_UHGG.species_100bracken,ERR3473577_UHGG.species_100bracken,ERR3473578_UHGG.species_100bracken,ERR3473579_UHGG.species_100bracken,ERR3473580_UHGG.species_100bracken,ERR3473581_UHGG.species_100bracken,ERR3473583_UHGG.species_100bracken,ERR3473584_UHGG.species_100bracken,ERR3473585_UHGG.species_100bracken,ERR3473586_UHGG.species_100bracken,ERR3473587_UHGG.species_100bracken,ERR3473588_UHGG.species_100bracken,ERR3473589_UHGG.species_100bracken,ERR3473590_UHGG.species_100bracken,ERR3473591_UHGG.species_100bracken,ERR3473592_UHGG.species_100bracken,ERR3473593_UHGG.species_100bracken,ERR3473594_UHGG.species_100bracken,ERR3473595_UHGG.species_100bracken,ERR3473596_UHGG.species_100bracken,ERR3473597_UHGG.species_100bracken,ERR3473598_UHGG.species_100bracken,ERR3473599_UHGG.species_100bracken,ERR3473600_UHGG.species_100bracken,ERR3473601_UHGG.species_100bracken,ERR3473602_UHGG.species_100bracken,ERR3473603_UHGG.species_100bracken,ERR3473604_UHGG.species_100bracken,ERR3473605_UHGG.species_100bracken,ERR3473606_UHGG.species_100bracken,ERR3473607_UHGG.species_100bracken,ERR3473610_UHGG.species_100bracken,ERR3473611_UHGG.species_100bracken,ERR3473612_UHGG.species_100bracken,ERR3473613_UHGG.species_100bracken,ERR3473614_UHGG.species_100bracken,ERR3473615_UHGG.species_100bracken,ERR3473616_UHGG.species_100bracken,ERR3473617_UHGG.species_100bracken,ERR3473618_UHGG.species_100bracken,ERR3473619_UHGG.species_100bracken,ERR3473620_UHGG.species_100bracken,ERR3473621_UHGG.species_100bracken,ERR3473622_UHGG.species_100bracken,ERR3473623_UHGG.species_100bracken,ERR3473624_UHGG.species_100bracken,ERR3473625_UHGG.species_100bracken,ERR3473626_UHGG.species_100bracken,ERR3473627_UHGG.species_100bracken,ERR3473628_UHGG.species_100bracken,ERR3473629_UHGG.species_100bracken,ERR3473630_UHGG.species_100bracken,ERR3473631_UHGG.species_100bracken,ERR3473632_UHGG.species_100bracken,ERR3473633_UHGG.species_100bracken,ERR3473634_UHGG.species_100bracken,ERR3473635_UHGG.species_100bracken,ERR3473636_UHGG.species_100bracken,ERR3473637_UHGG.species_100bracken,ERR3473638_UHGG.species_100bracken,ERR3473639_UHGG.species_100bracken,ERR3473640_UHGG.species_100bracken,ERR3473641_UHGG.species_100bracken,ERR3473642_UHGG.species_100bracken,ERR3473643_UHGG.species_100bracken,ERR3473644_UHGG.species_100bracken,ERR3473645_UHGG.species_100bracken,ERR3473646_UHGG.species_100bracken,ERR3473647_UHGG.species_100bracken,ERR3473648_UHGG.species_100bracken,ERR3473649_UHGG.species_100bracken,ERR3473650_UHGG.species_100bracken,ERR3473651_UHGG.species_100bracken,ERR3473652_UHGG.species_100bracken,ERR3473653_UHGG.species_100bracken,ERR3473654_UHGG.species_100bracken,ERR3473655_UHGG.species_100bracken,ERR3474420_UHGG.species_100bracken,ERR3474421_UHGG.species_100bracken,ERR3474422_UHGG.species_100bracken,ERR3474423_UHGG.species_100bracken,ERR3474424_UHGG.species_100bracken,ERR3474425_UHGG.species_100bracken,ERR3474426_UHGG.species_100bracken,ERR3474427_UHGG.species_100bracken,ERR3474428_UHGG.species_100bracken,ERR3474429_UHGG.species_100bracken,ERR3474430_UHGG.species_100bracken,ERR3474431_UHGG.species_100bracken,ERR3474432_UHGG.species_100bracken,ERR3474433_UHGG.species_100bracken,ERR3474436_UHGG.species_100bracken,ERR3474437_UHGG.species_100bracken,ERR3474438_UHGG.species_100bracken,ERR3474439_UHGG.species_100bracken,ERR3474440_UHGG.species_100bracken,ERR3474441_UHGG.species_100bracken,ERR3474442_UHGG.species_100bracken,ERR3474443_UHGG.species_100bracken,ERR3474444_UHGG.species_100bracken,ERR3474445_UHGG.species_100bracken,ERR3474446_UHGG.species_100bracken,ERR3474447_UHGG.species_100bracken,ERR3474448_UHGG.species_100bracken,ERR3474449_UHGG.species_100bracken,ERR3474450_UHGG.species_100bracken,ERR3474451_UHGG.species_100bracken,ERR3474452_UHGG.species_100bracken,ERR3474453_UHGG.species_100bracken,ERR3474454_UHGG.species_100bracken,ERR3474455_UHGG.species_100bracken,ERR3474456_UHGG.species_100bracken,ERR3474457_UHGG.species_100bracken,ERR3474458_UHGG.species_100bracken,ERR3474459_UHGG.species_100bracken,ERR3474460_UHGG.species_100bracken,ERR3474461_UHGG.species_100bracken,ERR3474462_UHGG.species_100bracken,ERR3474463_UHGG.species_100bracken,ERR3474464_UHGG.species_100bracken,ERR3474465_UHGG.species_100bracken,ERR3474466_UHGG.species_100bracken,ERR3474467_UHGG.species_100bracken,ERR3474468_UHGG.species_100bracken,ERR3474469_UHGG.species_100bracken,ERR3474470_UHGG.species_100bracken,ERR3474471_UHGG.species_100bracken,ERR3474472_UHGG.species_100bracken,ERR3474473_UHGG.species_100bracken,ERR3474474_UHGG.species_100bracken,ERR3474475_UHGG.species_100bracken,ERR3474476_UHGG.species_100bracken,ERR3474477_UHGG.species_100bracken,ERR3474478_UHGG.species_100bracken,ERR3474479_UHGG.species_100bracken,ERR3474480_UHGG.species_100bracken,ERR3474481_UHGG.species_100bracken,ERR3474482_UHGG.species_100bracken,ERR3474483_UHGG.species_100bracken,ERR3474484_UHGG.species_100bracken,ERR3474485_UHGG.species_100bracken,ERR3474486_UHGG.species_100bracken,ERR3474487_UHGG.species_100bracken,ERR3474488_UHGG.species_100bracken,ERR3474489_UHGG.species_100bracken,ERR3474490_UHGG.species_100bracken,ERR3474491_UHGG.species_100bracken,ERR3474492_UHGG.species_100bracken,ERR3474493_UHGG.species_100bracken,ERR3474494_UHGG.species_100bracken,ERR3474495_UHGG.species_100bracken,ERR3474496_UHGG.species_100bracken,ERR3474497_UHGG.species_100bracken,ERR3474498_UHGG.species_100bracken,ERR3474499_UHGG.species_100bracken,ERR3474500_UHGG.species_100bracken,ERR3474501_UHGG.species_100bracken,ERR3474502_UHGG.species_100bracken,ERR3474503_UHGG.species_100bracken,ERR3474504_UHGG.species_100bracken,ERR3474505_UHGG.species_100bracken,ERR3474506_UHGG.species_100bracken,ERR3474507_UHGG.species_100bracken,ERR3474508_UHGG.species_100bracken,ERR3474509_UHGG.species_100bracken,ERR3474510_UHGG.species_100bracken,ERR3474511_UHGG.species_100bracken,ERR3474512_UHGG.species_100bracken,ERR3474513_UHGG.species_100bracken,ERR3474514_UHGG.species_100bracken,ERR3474515_UHGG.species_100bracken,ERR3474516_UHGG.species_100bracken,ERR3474517_UHGG.species_100bracken,ERR3474518_UHGG.species_100bracken,ERR3474519_UHGG.species_100bracken,ERR3474520_UHGG.species_100bracken,ERR3474521_UHGG.species_100bracken,ERR3474522_UHGG.species_100bracken,ERR3474523_UHGG.species_100bracken,ERR3474524_UHGG.species_100bracken,ERR3474525_UHGG.species_100bracken,ERR3474526_UHGG.species_100bracken,ERR3474527_UHGG.species_100bracken,ERR3474528_UHGG.species_100bracken,ERR3474529_UHGG.species_100bracken,ERR3474530_UHGG.species_100bracken,ERR3474531_UHGG.species_100bracken,ERR3474532_UHGG.species_100bracken,ERR3474533_UHGG.species_100bracken,ERR3474534_UHGG.species_100bracken,ERR3474535_UHGG.species_100bracken,ERR3474536_UHGG.species_100bracken,ERR3474537_UHGG.species_100bracken,ERR3474538_UHGG.species_100bracken,ERR3474539_UHGG.species_100bracken,ERR3474540_UHGG.species_100bracken,ERR3474541_UHGG.species_100bracken,ERR3474542_UHGG.species_100bracken,ERR3474543_UHGG.species_100bracken,ERR3474544_UHGG.species_100bracken,ERR3474545_UHGG.species_100bracken,ERR3474546_UHGG.species_100bracken,ERR3474547_UHGG.species_100bracken,ERR3474548_UHGG.species_100bracken,ERR3474549_UHGG.species_100bracken,ERR3474550_UHGG.species_100bracken,ERR3474551_UHGG.species_100bracken,ERR9814001_UHGG.species_100bracken.out,ERR9814003_UHGG.species_100bracken.out,ERR9814005_UHGG.species_100bracken.out,ERR9814007_UHGG.species_100bracken.out,ERR9814009_UHGG.species_100bracken.out,ERR9814011_UHGG.species_100bracken.out,ERR9814013_UHGG.species_100bracken.out,ERR9814015_UHGG.species_100bracken.out,ERR9814017_UHGG.species_100bracken.out,ERR9814019_UHGG.species_100bracken.out,ERR9814021_UHGG.species_100bracken.out,ERR9814023_UHGG.species_100bracken.out,ERR9814025_UHGG.species_100bracken.out,ERR9814027_UHGG.species_100bracken.out,ERR9814029_UHGG.species_100bracken.out,ERR9814031_UHGG.species_100bracken.out,ERR9814033_UHGG.species_100bracken.out,ERR9814035_UHGG.species_100bracken.out,ERR9814038_UHGG.species_100bracken.out,ERR9814040_UHGG.species_100bracken.out,ERR9814041_UHGG.species_100bracken.out,ERR9814043_UHGG.species_100bracken.out,ERR9814045_UHGG.species_100bracken.out,ERR9814047_UHGG.species_100bracken.out,ERR9814048_UHGG.species_100bracken.out,ERR9814050_UHGG.species_100bracken.out,ERR9814052_UHGG.species_100bracken.out,ERR9814054_UHGG.species_100bracken.out,ERR9814057_UHGG.species_100bracken.out,ERR9814059_UHGG.species_100bracken.out,ERR9814062_UHGG.species_100bracken.out,ERR9814063_UHGG.species_100bracken.out,ERR9814065_UHGG.species_100bracken.out,ERR9814067_UHGG.species_100bracken.out,ERR9814069_UHGG.species_100bracken.out,ERR9814071_UHGG.species_100bracken.out,ERR9814073_UHGG.species_100bracken.out,ERR9814075_UHGG.species_100bracken.out,ERR9814077_UHGG.species_100bracken.out,ERR9814079_UHGG.species_100bracken.out,ERR9814081_UHGG.species_100bracken.out,ERR9814082_UHGG.species_100bracken.out,ERR9814083_UHGG.species_100bracken.out,ERR9814085_UHGG.species_100bracken.out,ERR9814087_UHGG.species_100bracken.out,ERR9814089_UHGG.species_100bracken.out,ERR9814091_UHGG.species_100bracken.out,ERR9814093_UHGG.species_100bracken.out,ERR9814095_UHGG.species_100bracken.out,ERR9814097_UHGG.species_100bracken.out,ERR9814099_UHGG.species_100bracken.out,ERR9814101_UHGG.species_100bracken.out,ERR9814103_UHGG.species_100bracken.out,ERR9814105_UHGG.species_100bracken.out,ERR9814107_UHGG.species_100bracken.out,ERR9814109_UHGG.species_100bracken.out,ERR9814111_UHGG.species_100bracken.out,ERR9814113_UHGG.species_100bracken.out,ERR9814115_UHGG.species_100bracken.out,ERR9814117_UHGG.species_100bracken.out,ERR9814119_UHGG.species_100bracken.out,ERR9814120_UHGG.species_100bracken.out,ERR9814122_UHGG.species_100bracken.out,ERR9814124_UHGG.species_100bracken.out,ERR9814126_UHGG.species_100bracken.out,ERR9814128_UHGG.species_100bracken.out,ERR9814129_UHGG.species_100bracken.out,ERR9814131_UHGG.species_100bracken.out,ERR9814135_UHGG.species_100bracken.out,ERR9814137_UHGG.species_100bracken.out,ERR9814138_UHGG.species_100bracken.out,ERR9814140_UHGG.species_100bracken.out,ERR9814142_UHGG.species_100bracken.out,ERR9814143_UHGG.species_100bracken.out,ERR9814145_UHGG.species_100bracken.out,ERR9814147_UHGG.species_100bracken.out,ERR9814149_UHGG.species_100bracken.out,ERR9814151_UHGG.species_100bracken.out,ERR9814153_UHGG.species_100bracken.out,ERR9814155_UHGG.species_100bracken.out,ERR9814157_UHGG.species_100bracken.out,ERR9814159_UHGG.species_100bracken.out,ERR9814161_UHGG.species_100bracken.out,ERR9814187_UHGG.species_100bracken,ERR9814188_UHGG.species_100bracken,ERR9814189_UHGG.species_100bracken,ERR9814190_UHGG.species_100bracken,ERR9814191_UHGG.species_100bracken,ERR9814192_UHGG.species_100bracken,ERR9814193_UHGG.species_100bracken,ERR9814194_UHGG.species_100bracken,ERR9814195_UHGG.species_100bracken,ERR9814196_UHGG.species_100bracken,ERR9814197_UHGG.species_100bracken,ERR9814198_UHGG.species_100bracken,ERR9814199_UHGG.species_100bracken,ERR9814200_UHGG.species_100bracken
Methanobrevibacter_A oralis,,,,,,,,,,,,,,,,,,,,,,,,,,,,,,,,,,,,,,,,,,,,,,,,,,,,,,,,,,,,,,,,,,,,,,,,,,,,,,,,,,,,,,,,,,,,,,,,,,,,,,,,,,,,,,,,,,,,,,,,,,,,,,,,,,,,,,,,,,,,,,,,,,,,,,,,,,,,,,,,,,,,,,,1e-05,4e-05,,,,,,,,,,,,,,,,,,,,,1e-05,1e-05,,,,,,,2e-05,2e-05,,,,,,,,,,,,,,,,,,,,,,,,,,,,,,,,,,,,,,,,,,,,,,,,,,,,,,,,,,,,,,,,,,1e-05,2e-05,,,,,,,1e-05,1e-05,,,,,,,,,,,,,,,,,,,,,,,,,,,,,,,,,,,,,,,,,,,,,,,,,,,,,,,,,,,,,,,,,,,,,,,,,,,,,,,,,,,,,,,,,,,,,,,,,,,,,,,,,,,,,,,,,,,,,,,,,,,,,,,2e-05,,,,,,,,,,,,,,,,,,,,,,,,,,,,,,,,,,,,,,,,,,,,,,,,,,,,,,,,,,,,,,,,,,,,,,,,,,,,,,,,,,,,,,,,,,,,,,,,,,,,,,,,,,,,,,,,,,,,,,,,,,,,,,,,,,,,,,,,,,,,,,,,,,,,,,,,,,,,
Methanobrevibacter_A smithii,0.0006,,,,,,0.0003,0.00069,,,,,,,,,0.00437,0.00551,,,0.01584,0.01384,0.00573,0.00531,,,0.00605,0.01087,,,,,,0.00066,0.0062,0.01042,0.0047,0.00358,,,,,0.01249,0.01117,0.00036,,0.00385,0.00605,0.00638,0.00264,0.00032,0.0017,0.00358,0.00162,0.00082,0.00301,,,,,0.00103,0.00032,0.00323,0.00221,,,,,,,,,0.0182,0.00173,,,,,0.01457,0.00793,,,0.00026,0.0001,,,,0.00199,0.00161,0.00341,,,0.00781,0.00876,0.00716,0.00023,,,,,,,,,,,0.00075,0.00047,,,0.00454,,,,0.00386,0.00067,0.00432,0.00246,,,,,,,,,,,,,,,,,,,5e-05,,0.0003,,0.00177,0.00124,,,0.0009,0.00309,,0.00017,,,,,,,,,,,,,,,,,,,0.00259,0.00553,,,0.0005,7e-05,0.00018,0.00017,0.0009,0.00032,,,,,,,7e-05,6e-05,,,,,0.00262,0.00127,8e-05,0.00014,,,,,0.00729,0.00639,6e-05,2e-05,,,,,,,,,,,0.00088,0.00159,0.00017,0.00053,,,,,,,,,9e-05,4e-05,,,5e-05,0.00011,,,8e-05,3e-05,,,,,,,7e-05,7e-05,,,,,0.00013,0.00024,0.00031,0.0003,,,,,0.00017,0.0014,0.0002,0.00016,,,,,,,0.00012,0.00056,0.0005,3e-05,5e-05,0.00144,0.00052,,,0.00197,0.00202,,,,,,,,,,,,,0.00025,0.00037,,,,,,,,,4e-05,5e-05,,,4e-05,5e-05,0.00016,0.00047,,1e-05,,,,,,,,,,,,,0.00034,0.00115,0.00048,0.00047,,,2e-05,,5e-05,5e-05,,,8e-05,3e-05,,,,,4e-05,0.00017,,,,,,,0.00083,0.00135,,,0.005,0.00301,0.00168,0.00093,,,0.00102,0.00252,,,,,5e-05,7e-05,0.0019,0.00275,0.00113,0.0011,,,,,0.00115,0.00278,0.0001,7e-05,0.00135,0.00118,0.00118,0.00089,7e-05,0.00021,0.00131,0.00078,0.00025,0.00092,,,,,0.00012,8e-05,0.00046,0.00043,8e-05,,,,,,,,0.00601,0.00025,,,,,0.0033,0.00095,,,7e-05,3e-05,,,,0.00016,0.00018,0.00039,,,0.00108,0.00094,0.00093,7e-05,,,,,,,,,,,0.00019,0.00012,,3e-05,0.00133,,,,0.00116,0.00032,0.00064,0.00055,,,,,,,,,,,,,,3e-05,0.00239,,0.00394,,,9e-05,,,,0.00144,,,,,6e-05,,,,0.00546,,,,8e-05,0.00949,,0.00114,,0.00266,0.00092,,5e-05,,,,,,,0.00015,,,,,0.01387,0.00106,,0.00645,,,,,0.0007,0.00022,,,,,,,,,0.00165,0.00295,,0.00127,,2e-05,,0.00716,,0.00396,0.00101,,,,,0.00089,,,,0.00016,,0.00977,0.00066,0.00574,0.00629,0.00364,0.00283,0.00151,0.00101,1e-05,1e-05,0.00055,0.0001,0.00012,0.00025,,
Methanobrevibacter_A smithii_A,,,,,,,0.00089,0.00355,,,,,,,,,0.00012,0.00012,,,0.00062,0.00044,0.00014,,,,0.00016,0.00024,,,,,0.00291,0.00342,0.00043,0.00038,0.00011,,,,,,0.00034,0.00022,,,9e-05,0.00022,0.00017,0.0001,,,8e-05,9e-05,,,,,,,,,,0.0001,0.0036,0.00139,,,,,,,0.00062,,,,,,0.00059,,,,0.0004,0.00017,,,,,,,,,0.00019,,,,,,,,,,,,,,0.00412,0.00198,0.00061,0.00045,0.00019,,,,0.0001,,,,,,,,,,,,,,,,,,,,,,,,,,0.00636,0.00461,,,0.00642,0.02227,,,,,,,,,,,,,,,,,,,,,0.00019,0.00031,,,3e-05,,0.00186,0.00143,6e-05,,,,,,,,0.00107,0.00069,,,,,0.00015,8e-05,,,,,,,0.0004,0.00033,0.00048,0.0003,,,,,,,,,0.00013,6e-05,5e-05,6e-05,2e-05,6e-05,,,,,,,,,0.0007,0.00053,,,0.00067,0.00109,,,0.00092,0.00033,,,,,,,,,,,,,,2e-05,,3e-05,,,,,,6e-05,0.00221,0.00179,,,,,,,1e-05,0.00802,0.00681,,,7e-05,5e-05,,,0.00011,0.00012,,,,,,,,,,,,,2e-05,,2e-05,,,,,1e-05,,,0.00037,0.00045,,,0.00033,0.00052,3e-05,3e-05,,,,,,,,,,,,1e-05,,,3e-05,7e-05,3e-05,2e-05,,,0.00017,5e-05,0.00064,0.00051,,,,,,,,,0.00026,0.00092,,,,,,,4e-05,0.00011,,,0.00045,0.00023,0.0001,6e-05,,,8e-05,0.00014,,,,,0.00035,0.00063,0.00016,0.00035,0.0001,9e-05,,,,,6e-05,0.00019,,,0.0001,8e-05,5e-05,4e-05,,,6e-05,3e-05,,5e-05,,,,,,,4e-05,4e-05,0.00057,0.00047,,,,,,,0.00038,,,,,,0.00024,6e-05,,,0.00016,8e-05,,,,,,2e-05,,,4e-05,7e-05,,,,,,,,,,,,,0.00115,0.00075,0.00025,0.00027,0.00012,,,,0.0001,2e-05,4e-05,3e-05,,,,,,,,,,,,,,,0.00011,,0.00019,,,0.00063,,,,7e-05,,,,,,,,,0.00034,,,,0.00075,0.00059,,5e-05,,0.00011,3e-05,,,,,,,,,0.00135,,,,,0.00059,7e-05,,0.00023,,,,,,0.0022,,,,,,,,,0.00011,9e-05,,0.01728,,0.00013,,0.00052,,0.00015,4e-05,,,,,5e-05,,,,0.00147,,0.00061,6e-05,0.00036,0.00046,0.0002,0.00017,0.00012,7e-05,,,4e-05,,,,,
Methanobrevibacter_A sp900766745,,0.00035,0.00136,0.00066,,,0.00077,0.00082,,8e-05,,,0.00251,0.00197,0.00036,0.0001,,,0.0009,0.00043,,,,,,,0.00084,0.0006,,,,,0.0011,0.00048,,,,0.00021,,,0.00228,0.00311,,,,,0.00041,0.00062,0.00177,0.00134,,,0.00093,0.00063,0.00058,0.00075,0.00708,0.00696,,,0.00057,0.00105,0.00099,0.00077,,,,0.00047,0.00106,0.00192,,0.00104,0.0002,0.00059,,,,,0.00048,0.00487,,0.00027,,,0.00042,0.00287,,,,,0.00842,0.01107,,,,0.00182,,0.00514,0.0037,0.0044,0.00029,0.00041,,,0.00124,0.00072,,,0.00108,0.00052,,,0.00052,0.00086,0.00119,0.00048,0.00055,0.001,,,0.00291,0.00317,,,0.00238,0.00016,,0.00039,0.00059,0.00036,,,0.0001,0.00039,0.00033,0.00014,0.00024,0.00061,0.00122,0.00107,,0.00022,,,,,0.00045,0.00013,0.00036,0.0008,0.00045,0.00013,,0.00018,,,0.00013,0.00024,3e-05,0.00015,5e-05,0.00018,9e-05,7e-05,,3e-05,0.00014,6e-05,3e-05,4e-05,7e-05,8e-05,2e-05,,4e-05,5e-05,0.00012,,,0.00022,0.00023,0.00032,,2e-05,0.0001,8e-05,3e-05,1e-05,0.00016,3e-05,2e-05,2e-05,5e-05,2e-05,0.0002,6e-05,5e-05,3e-05,5e-05,0.0001,,,3e-05,3e-05,,2e-05,4e-05,4e-05,5e-05,5e-05,0.00015,9e-05,1e-05,,3e-05,,,,4e-05,,2e-05,2e-05,3e-05,,0.0002,0.0001,5e-05,7e-05,4e-05,4e-05,,2e-05,,,1e-05,1e-05,5e-05,6e-05,1e-05,,5e-05,4e-05,0.00016,0.00028,,,0.00035,0.00059,0.00033,0.0003,5e-05,,3e-05,,6e-05,5e-05,3e-05,3e-05,5e-05,4e-05,2e-05,2e-05,2e-05,4e-05,2e-05,5e-05,5e-05,2e-05,,3e-05,3e-05,6e-05,0.0001,0.00041,0.00022,2e-05,2e-05,,,0.00014,5e-05,4e-05,0.0001,,,4e-05,,,,4e-05,5e-05,,2e-05,2e-05,4e-05,3e-05,,0.00012,6e-05,0.00054,0.00014,6e-05,8e-05,1e-05,,2e-05,1e-05,4e-05,3e-05,3e-05,4e-05,6e-05,5e-05,3e-05,2e-05,0.0002,0.00015,2e-05,2e-05,0.0001,9e-05,3e-05,,,3e-05,,1e-05,2e-05,,4e-05,,9e-05,0.00011,,,0.0001,0.00014,2e-05,2e-05,,,0.00051,0.00024,,,8e-05,4e-05,6e-05,4e-05,7e-05,9e-05,4e-05,,0.00011,9e-05,,,,,5e-05,4e-05,2e-05,3e-05,3e-05,8e-05,,,0.00029,0.00033,,,3e-05,5e-05,0.00014,9e-05,0.00031,0.00035,5e-05,,0.00026,0.00022,0.00015,0.00019,0.00127,0.00125,,,5e-05,0.00013,8e-05,0.00017,,,7e-05,0.0001,0.00015,0.00021,,0.00012,8e-05,4e-05,,,,6e-05,7e-05,0.00058,,6e-05,4e-05,3e-05,0.00017,0.00058,,6e-05,,,0.00139,0.0016,,,0.00016,0.00028,0.0001,0.00037,0.0003,0.00055,3e-05,4e-05,3e-05,,0.00042,0.00036,5e-05,3e-05,0.00014,0.00017,4e-05,,0.00013,0.00015,0.00028,0.00019,0.0001,0.00016,,,0.00028,0.0004,,4e-05,0.00017,9e-05,7e-05,8e-05,0.00012,7e-05,5e-05,,1e-05,,0.00014,1e-05,,,0.00039,,0.01602,4e-05,0.00014,0.00026,0.00018,,,2e-05,,,,3e-05,7e-05,0.00012,5e-05,9e-05,2e-05,8e-05,,,2e-05,4e-05,0.0003,,3e-05,0.00025,0.00011,4e-05,,0.00029,,,,1e-05,,7e-05,0.00019,3e-05,3e-05,7e-05,,,,,6e-05,0.00014,,,4e-05,4e-05,,,0.00019,,2e-05,4e-05,4e-05,0.00014,,0.00016,6e-05,4e-05,0.00014,,0.00125,3e-05,0.0001,2e-05,,2e-05,,4e-05,9e-05,6e-05,0.00014,4e-05,7e-05,,,,,,1e-05,0.00015,0.0001,0.00022,0.00017,7e-05,6e-05
Methanobrevibacter_A sp900769095,,,,,,,,,,,,,,,,,,,,,,,,,,,,,,,,,,,,,,,,,,,,,,,,,,,,,,,,,,,,,,,,,,,,,,,,,,,,,,,,,,,,,,,,,,,,,,,,,,,,,,,,,,,,,,,,,,,,,,,,,,,,,,,,,,,,,,,,,,,,,,,,,,,,,,,,,,,,,,,,1e-05,,,,,,,,2e-05,,,,,,,,,,,,,,,,,,1e-05,,,1e-05,2e-05,,,,,,0.0,2e-05,1e-05,,,,,,,,,,,,,,,,,,,,,,,,,,,,,,,,,,,1e-05,,,,,,,,,,,,,,,,,,,,,,,,,,,,,,,1e-05,1e-05,,,,,,,,,,,,,,,,,,,,,,,,,,,,,,,,,,,,,,,,,,,,1e-05,,,,,,,,,,,,,,,,,,,,,,,,,,,,,,,,,,,,,,,,,,,,,,,,,,,,,,,,,,,,,,,,,,,,,,,,,,,,,,,,,,,,,,,,,,,2e-05,,,,,,,,,,,,,,,,,,,,,,,,,,,,,,,,,,,,,,,,,,,,,,,,,,,,,,,,,,,,,,,,,,,,,,,,,,,,,,,,,,,,,,,,,,,,,,,,,,,,,,,,,,,,,,,,,,,,,,,,,,,,,,,,,,,,,,,,,,,,,,,,,,,,,,,,,,,,
Methanobrevibacter_A woesei,,,,,,,,,,,,,,,,,,,,,,,,,,,,,,,,,,,,,,,,,,,,,,,,,5e-05,8e-05,,,,,,,0.00023,0.00028,,,,,,,,,,,,,,,,,,,,,,,,,6e-05,5e-05,,,,,,,,,,,,,,,,,,,,,,,,,,,,,,,,,,,,,,,,,,,,,,,,,,,,,,,,,,3e-05,,,,,,2e-05,,,2e-05,5e-05,,,,,,,7e-05,,7e-05,,,,,,4e-05,2e-05,,,2e-05,2e-05,,,,,3e-05,8e-05,6e-05,2e-05,,,,,,1e-05,,1e-05,4e-05,1e-05,,,,,,,,2e-05,3e-05,3e-05,,3e-05,,,,,,,,,6e-05,4e-05,3e-05,,,,3e-05,4e-05,,,,,2e-05,,4e-05,3e-05,1e-05,2e-05,,,,,,,,,,1e-05,1e-05,,2e-05,5e-05,,,,,,,,2e-05,,,2e-05,,,,3e-05,,1e-05,,,,,1e-05,,2e-05,1e-05,,,2e-05,3e-05,,,,,,,,,3e-05,,,2e-05,,,2e-05,4e-05,,,2e-05,4e-05,5e-05,4e-05,,,2e-05,1e-05,,,5e-05,3e-05,,,,,,,2e-05,0.0,,,2e-05,2e-05,3e-05,2e-05,7e-05,4e-05,,,2e-05,2e-05,,4e-05,,,,,3e-05,3e-05,,,,,,,,2e-05,,,,,,,,,,,,,,,,,,,,,,,,,3e-05,,,,,,3e-05,,,,,,,,6e-05,8e-05,,,,,,,0.00021,0.00022,,,,,,,,,,,,,,,2e-05,,,,,,,,,,6e-05,4e-05,,,,,,,,,,,,,,,,,,,,,,,,,,,,,,,,,,,,,,,,,,,,,,,5e-05,,,,,,,,5e-05,,,,,,,,,2e-05,,,,1e-05,2e-05,,,,,,,,,,,,,4e-05,,,,,,,,,,,0.00013,,,,,,,,0.00018,8e-05,,,,,,,0.0001,,,,,5e-05,,,,2e-05,,,,,,3e-05,,,,5e-05,,,,3e-05,3e-05,,,,,,,8e-05,7e-05,4e-05,,,
Methanomassiliicoccus luminyensis,,,,,,,,,,,,,,,,,,,,,,,,,,,,,,,,,,,,,,,,,,,,,,,,,,,,,,,,,,,,,,,,,,,,,,,,,,,,,,,,,,,,,,,,,,,,,,,,,,,,,,,,,,,,,,,,,,,,,,,,,,,,,,,,,,,,,,,,,,,,,,,,,,,,,,,,,,,,,,,,,,,,,,,,,,,,,,,,,,,,,,,,,,,,,,,,,,,,,0.00032,0.00039,,,,,,,,,,,,,,,,,,,,,,,,,,,,,,,,,,,,,,,,,,,,,,,,,,,,,,,,,,,,,,,,,,,,,,,,,,,,,,,,,,,,,,,,,,,,,,,,,,,,,,,,,,,,,,,,,,,,,,,,,,,,,,,,,,,,,,,,,,,,,,,,,,,,,,,,,,,,,,,,,,,,,,,,,,,,,,,,,,,,,,,,,,,,,,,,,,,,,,,,,,,,,,,,,,,,,,,,,,,,,,,,,,,,,,,,,,,,,,,,,,,,,,,,,,,,,,,,,,,,,,,,,,,,,,,,,,,,,,,,,,,,,,,,,,,,,,,,,,,,,,,,,,,,,,,,,,,,,,,,,,,,,,,,,,,,,,,,,,,,,,,,,,,,,,,,,,,,,,
Methanomassiliicoccus_A intestinalis,,,,,,,,,,,,,,,,,,,,,,,,,,,0.00026,0.00015,,,,,,,0.00212,0.00164,,,,,,,,,,,,,,,,,0.0035,0.00354,,,,,,,,,,,,,,,,,,,,,,,,,,,,,,,,,,,,,,,,,,,,,,,,,,,,,,,,,,,,,,,,,,,,,,,,,,,,,,,,,,,,,,,,,,,,,,,,,,,,,,,,,,,,,,,,,,,,,,,,,,,,,,,,,0.00286,0.00259,,,,,,,,,,,,,,,,,,,,,,,2e-05,0.00234,,,,,,,,,,,,,,,,,,,,,,,0.00081,0.00088,,,,,,,,,,,,,,,,,,,,,,,,,,,,,,,,,,,,,,,,,,,,,,,,,,,,,,,,,,,,,,,,,,,,,,,,,,,,,,,,,,,,,,,,,,,,,,,,,,,,,,,,,,,,,,,,,,,,,,4e-05,,,,0.00019,0.00019,,,,,,,0.00211,0.00166,,,,,,,,,,,,,,,,,0.00343,0.00324,,,,,,,,,,,,,,,,,,,,,,,,,,,,,,,,,,,,,,,,,,,,,,,,,,,,,,,,,,,,,,,,,,,,,,,,,,,,,,,0.0001,,,,,,,,,,7e-05,,,,,,,,3e-05,,,,0.00016,,,,,,,0.00013,,,,,,,,0.00021,,,,,0.00022,,,3e-05,,,,,,,,,,,,,,,,,,,,,,,,,,,,,,,,,,0.00034,,,,,,,,0.00697,0.00526,,,,,,,,
Methanomethylophilus alvus,,,,,,,,,,,,,,,,,,,,,,,,,,,,,,,,,,,,,,,,,,,,,,,,,,,,,,,,,,,,,,,,,,,,,,,,,,,,,,,,,,,,,,,,,,,,,,,,,,,,,,,,,,,,,,,,,,,,,,,,,,,,,,,,,,,,,,,,,,,,,,,,,,,,,,,,,,,,,,,,,,,,,,,,,,,,,,,,,,,,,,,,,,,,,,,,,,,,,,,,,,,,,,,,,,,,,,,,,,,,,,,,,,,1e-05,,,,,,,,,,,,,,,,,,,,,,,,,,,,,,,,,,,,,,,,,,,,,,,,,,,,,,,,,,,,,,,,,,,,,,,,,,,,,,,,,,,,,,,,,,,,,,,,,,,,,,,,,,,,,,,,,,,,,,,,,,,,,,,,,,,,,,,,,,,,,,,,,,,,,,,,,,,,,,,,,,,,,,,,,,,,,,,,,,,,,,,,,,,,,,,,,,,,,,,,,,,,,,,,,,,,,,,,,,,,,,,,,,,,,,,,,,,,,,,,,,,,,,,,,,,,,,,,,,,,,,,,,,,,,,,,,,,,,,,,,,,,,,,,,,,,,,,,,,,,,,,,,,,,,,,,,,,,,,,,,,,,,,,,,
Methanosphaera cuniculi,,,,,,,,,,,,,,,,,,,,,,,,,,,,,,,,,,,,,,,,,,,,,,,,,,,,,,,,,,,,,,,,,,,,,,,,,,,,,,,,,,,,,,,,,,,,,,,,,,,,,,,,,,,,,,,,,,,,,,,,,,,,,,,,,,,,,,,,,,,,,,,,,,,,,,,,,,,,,,,,,,,,,,,,,,,,,,,,,,,,,,,,,,1e-05,,,,,,,,,,,,,,,,,,1e-05,,,,,,,,,,,,,,,,,,,,,,,,,,,,,,,,,,,,,,,,,,,,,,,,,,,,,,,,,,,,,,,,,,,,,,,,,,,,,,,,,,,,,,,,,,,,,,,,,,,,,,,,,,,,,,,,,,,,,,,,,,,,,,,,,,,,,,,,,,,,,,,,,,,,,,,,,,,,,,,,,,,,,,,,,,,,,,,,,,,,,,,,,,,,,,,,,,,,,,,,,,,,,,,,,,,,,,,,,,,,,,,,,,,,,,,,,,,,,,,,,,,,,,,,,,,,,,,,,,,,,,,,,,,,,,,,,,,,,,,,,,,,,,,,,,,,,,,,,,,,,,,,,,,,,,,,,,,,,,,,,,,,,,,,,,,,,,,,,,,0.00052,0.0007,,,,,,,,,,,,
Methanosphaera sp900322125,,,,,,,,,,,0.00024,,,,,,8e-05,8e-05,,,,,,,,,,,,,,,,,,,,,,,,,,,,,,,,,,,,,,,,,,,,,,,,,,,0.00017,0.00016,,,,,,,,,,,,,,0.00015,,,,,,,,,,,,,,,0.00034,0.00031,,,0.00023,0.00013,,,9e-05,0.0001,,,,,,,7e-05,6e-05,,8e-05,,,,,,,0.00023,,,,,,0.0001,,0.00014,0.0001,,,,,,,,,,,,,,,0.00012,,,,,,,,,,,,,,,,,,,,,,,,,,9e-05,9e-05,,,,,,,,,,1e-05,,,1e-05,1e-05,,1e-05,,1e-05,,1e-05,,,3e-05,,,,,2e-05,,,,,,,,,,,,,,,6e-05,7e-05,,,4e-05,7e-05,3e-05,6e-05,3e-05,1e-05,2e-05,3e-05,,,,,1e-05,1e-05,,,,,,,1e-05,,,,,,,,2e-05,,,,1e-05,6e-05,,,,,,,,1e-05,1e-05,,,6e-05,4e-05,,,,,,,,,,,,,,,,,,,,,,,,,,1e-05,,,2e-05,6e-05,,,1e-05,,,,,,,,,9e-05,,,,,,,2e-05,4e-05,,,,,2e-05,,4e-05,2e-05,9e-05,4e-05,,,,,,,,,,,8e-05,4e-05,,,4e-05,4e-05,,,,,,,,,3e-05,,,,,,,,,,,,,,,,,,3e-05,6e-05,,,,,,,,,,,,,,,,,,,,,,,4e-05,4e-05,,,,4e-05,,4e-05,,,,,,,2e-05,7e-05,,,,,,,,,,,,,,,0.00012,0.0001,,,5e-05,8e-05,,,4e-05,7e-05,,3e-05,,,,,,7e-05,,2e-05,,,,,,,9e-05,3e-05,,,,,5e-05,,,,,,,1e-05,,,5e-05,,5e-05,,,5e-05,,4e-05,,,,7e-05,2e-05,,,,,0.0001,,,,,,,,4e-05,,,,,0.0002,5e-05,,,,,,,4e-05,,,,,,,,,3e-05,2e-05,5e-05,0.00016,,,,4e-05,,,,3e-05,,,,2e-05,,0.0001,,,2e-05,,,3e-05,,,,,2e-05,3e-05,4e-05,4e-05,,2e-05,,,,2e-05,,,0.0001,0.0001
Methanosphaera stadtmanae,,,,,,,,,,,,,,,,,,,,,,,,,,,,,,,,,0.00021,0.00031,0.00041,0.00056,,,,,,,,,,,,,,,,,,,,,,,,,,,,,,,,,,,,,,,,,,,,,,,,,,,,,,,,,,,,,,,,,,,,,,,,,,,,,,,,,,,,,,,,,,,,,,,,,,,,,,,,,,,,,,,,,,,,,,,,,,,,,,,,,,,,,,,,,,,,,,,,,,,,,,,,,,,,,,,,,,,,,,,,,,,,,,,,,5e-05,0.0001,,,,,,,,,,,,,,,,,,,,,,,,,,,,,,,,,9e-05,9e-05,,,,,,,,,,,,,,,,,,,,,,,,,,,,,,,,,,,,,,4e-05,,,,,,,,,,,,,,,,9e-05,0.00015,,,,,,,,,,,,,,,,,0.00011,0.00018,,,,,0.00016,8e-05,,,,,,,,,,,,,,,,,,,,,,,,,,,,,,,,,0.0001,0.00011,0.00018,0.00035,,,,,,,,,,,,,,,,,,,,,,,,,,,,,,,,,,,,,,,,,,,,,,,,,,,,,,,,,,,,,,,,,,,,,,,,,,,,,,,,,,,,,,,,,,,,,,,,,,,,,,,,,,,,,,,,,,,,,,,,,,7e-05,,,,,,,,,,,,,,,,,,,,,,,,,,,,,,,,,,,,,,0.00083,,,,,,0.00037,,,,,,,,,,,,,,,,,,,,,,,,,,,
UBA71 sp006954425,,,,,,,,,,,,,,,,,,,,,,,,,,,,,,,,,,,,,,,,,,,,,,,,,,,,,,,,,,,,,,,,,0.00032,0.00024,,,,,,,,,,,,,,,,,,,,,,,,,,,,,,,,,,,,,,,,,,,,,,,,,,,,,,,,,,,,,,,,,,,,,,,,,,,,,,,,,,,,,,,,,,,,,,,,,,,,,,,,,,,,,,,,,,,,,,,,,,,,,,,,,,,,3e-05,,,,,,,,,,,,,,,,,,,,,,,,,,,,,0.00013,2e-05,,,,,,,,,,,,,,,,,,,,,,,,,,,,,,,,,,,,,,,,,,,,,,,,,,,,,,,,,,,,,,,,,,,,,,,,,,,,,,,,,,,,,,,,,,,,,,,,,,,,,,,,,,,,,,,,,,,,,,,,,,,,,,,,,,,,,,7e-05,8e-05,,,,,,,,,,,,,,,,,,,,,,,,,,,,,0.00043,0.0003,,,,,,,,,,,,,,,,,,,,,,,,,,,,,,,,,,,,,,,,,,,,,,,,,,,,,,,,,,,,,,,,,,,,,,,,,,,,,,,,,,,,,,,,,,,,,,,,,,,,,,,,,,,,,,,,,,,,,,,,,,,,,,,,,,,,,,,,,,,,,,,,,,,,,,,,,,,,,,,,,,,
UBA71 sp006954465,,,,,,,,,,,,,,,,,,,,,,,,,,,,,,,,,,,,,,,,,,,,,,,,,,,,,,,,,,,,,,,,,,,,,,,,,,,,,,,,,,,,,,,,,,,,,,,,,,,,,,,,,,,,,,,,,,,,,,,,,,,,,,,,,,,,,,,,,,,,,,,,,,,,,,,,,,,,,,,,,,,,,,,,,,,,,,,,,,,,,,,,,,,,,,,,,,,,,,,,,,,,,,,,,,,,,,,,,,,,,,,,,,,6e-05,1e-05,,,,,,,,,,,,,,,,,,,,,,,,,,,,,,,,,,,,,,,,,,,,,,,,,,,,,,,,,,,,,,,,,,,,,,,,,,,,,,,,,,,,,,,,,,,,,,,,,,,,,,,,,,,,,,,,,,,,,,,,,,,,,,,,,,,,,,,,,,,,,,,,,,,,,,,,,,,,,,,,,,,,7e-05,4e-05,,,,,,,,,,,,,,,,,,,,,,,,,,,,,,,,,,,,,,,,,,,,,,,,,,,,,,,,,,,,,,,,,,,,,,,,,,,,,,,,,,,,,,,,,,,,,,,,,,,,,,,,,,,,,,,,,,,,,,,,,,,,,,,,,,,,,,,,,,,,,,,,,,,,,,,,,,,,,,,,,,,
UBA71 sp900767505,,,,,,,,,,,,,,,,,,,,,,,,,,,,,,,,,,,,,,,,,,,,,,,,,,,,,,,,,,,,,,,,,,,,,,,,,,,,,,,,,,,,,,,,,,,,,,,,,,,,,,,,,,,,,,,,,,,,,,,,,,,,,,,,,,,,,,,,,,,,,,,,,,,,,,,,,,,,,,,,,,,,,,,,,,,,,,,,,,,,,,,,,,,,,,,,,,,,,,,,,,,,,,,,,,,,,,,,,,,,,,,,,,,6e-05,1e-05,,,,,,,,,,,,,,,,,,,,,,,,,,,,,,,,,,,,,,,,,,,,,,,,,,,,,,,,,,,,,,,,,,,,,,,,,,,,,,,,,,,,,,,,,,,,,,,,,,,,,,,,,,,,,,,,,,,,,,,,,,,,,,,,,,,,,,2e-05,3e-05,,,,,,,,,,,,,,,,,,,,,,,,,,,,,,,,,,,,,,,,,,,,,,,,,,,,,,,,,,,,,,,,,,,,,,,,,,,,,,,,,,,,,,,,,,,,,,,,,,,,,,,,,,,,,,,,,,,,,,,,,,,,,,,,,,,,,,,,,,,,,,,,,,,,,,,,,,,,,,,,,,,,,,,,,,,,,,,,,,,,,,,,,,,,,,,,,
